TermID	Name	Value	LogSize	Frequency	Uniqueness	Dispensability	Representative
"GO:0002238"	"response to molecule of fungal origin"	1	3.4938761108528227	0.007682595099288114	0.9420584978843916	0.20582114	null
"GO:0006952"	"defense response"	1	5.672842911348061	1.1604144588756624	0.9420584978843916	-0	null
"GO:0009805"	"coumarin biosynthetic process"	1	3.5415792439465807	0.00857483103959684	0.9671470320818433	0.04068139	null
"GO:0016310"	"phosphorylation"	1	6.327177412456315	5.235381700014107	0.90100445252002	0.2739859	null
"GO:0031349"	"positive regulation of defense response"	1	4.683515319150536	0.11892617777855335	0.8148885201816622	-0	null
"GO:1900426"	"positive regulation of defense response to bacterium"	1	3.037027879755775	0.002681637301259374	0.8148885201816622	0.68101769	31349
"GO:0046777"	"protein autophosphorylation"	1	2.765668554759014	0.001434478776960437	0.9103045072845678	0.00664115	null
"GO:0071555"	"cell wall organization"	1	5.559758245653739	0.8943925879544993	0.9920523869125935	0	null
